title,finalPrice,reviewCount,description
"Fritadeira Elétrica AF-31 Sem Óleo Com Tecnologia De Circulação De Ar Quente 3,5L Cor Preto Mondial 127V","R$ 234,90",7034,"Air Fryer New Pratic AF-31 da Mondial na cor preta, com tecnologia de circulação de ar que permite fritar alimentos sem uso de óleo. Possui cesto removível com capacidade de 3,5L e potência de 1500W, ideal para o preparo de refeições. Inclui timer de 60 minutos, aviso sonoro com desligamento automático e cesto antiaderente.DIMENSÕES E PESO:Altura: 31,2 cmLargura: 27,5 cmProfundidade: 32,5 cmPeso: 3,8 kg."
Tablet Samsung Galaxy Tab S6 Lite 64gb 4gb Ram Wifi Cor Cinza,"R$ 1.643,49",960,"A linha Tab S6 Lite traz soluções inovadoras e diversas funcionalidades para pessoas que buscam agilidade, produtividade e conectividade. Com um design estiloso e compacto, é o Tablet ideal para te acompanhar no dia a dia.Com a S Pen inclusa, o Tab S6 Lite permite uma maior eficiência nas anotações, criação de conteúdo de alta qualidade e ainda auxilia nas tarefas cotidianas! Conectada à lateral do Tab S6 Lite ou na capa protetora por magnetismo, você não precisará se preocupar de perder sua S Pen, que estará sempre ao seu alcançe quando precisar!O acabamento em alumínio e a expessura de apenas 7 mm o tornam ideal para te acompanhar por onde você for! O Tab S6 Lite foi projetado para quem procura um dispositivo leve e compacto. Tem alta durabilidade e é perfeito para estudantes que levam muitos materiais escolares na mochila. E ainda vem com uma capa protetora para transporte e que pode ser utilizada como apoio em até 2 ângulos.Com uma memória de 64GB, todos os seus arquivos, documentos e fotos poderão ser armazenados em um só lugar. Eles estarão disponíveis e protegidos em suas mãos a qualquer momento do dia, te dando a tranquilidade de utilizar em praticamente todos os lugares. Sua ampla tela de 10.4"", a caneta S Pen, e novo processador Exynos 1280, deixam a experiencia de leitura, criação e anotações muito mais interativa e dinâmica, tornando o Tab S6 o destino perfeito para tomar notas, desenhar e explorar sua criatividade. A tela reconhece maisis de 4 mil níveis de pressão e angulo de escrita, simulando um a sensação de escrever em um papel pefeitamente!Seja para assistir filmes com a família ou escutar músicas, o Tab S6 Lite também é uma excelente opção para explorar seu lazer e atender aos interesses de todas as idades. Assista seus conteúdos preferidos, curta clipes e shows musicais com alto falantes duplos e garanta a tranquilidade e segurança das crianças com o App Samsung Kids que possui controle de tempo, restriçoes de acesso além de jogos e apps pensados para os pequenos.                          Fique sempre conectado e em destaque nas suas videoconferências, graças a câmera de 5MP. Se expresse claramente através de um som limpo e sem ruídos.Aviso legal• A duração da bateria depende do uso que se dê ao produto."
Console PlayStation 5 Digital Slim Branco 1TB Returnal e Ratchet e Clank Controle Sem Fio Dualsense Branco,"R$ 3.398,80",505,"Jogue Como Nunca Antes®Pack Console PlayStation®5 Edição Digital (Modelo Slim) com 2 JogosCom um console PS5®, os jogadores contam com uma poderosa tecnologia de jogos em um design elegante e compacto.Experimente o carregamento extremamente rápido de um SSD de ultravelocidade, imersão mais profunda com ajuda da resposta tátil, gatilhos adaptáveis e áudio 3D, além de dois jogos PlayStation® incríveis.O Pack PS5® contém os grandes sucessos Returnal e Ratchet&Clank: Em Uma Outra Dimensão.* Console PS5® (grupo de modelos CFI-2000 – slim)Áudio 3D por meio de alto-falantes embutidos na TV ou fones de ouvido estéreo analógicos/USB. É necessária a configuração e a atualização para o software mais recente do sistema.Inclui os jogos de sucesso Returnal e Ratchet&Clank: Em Uma Outra DimensãoQuebre o ciclo com o jogo de tiro ao estilo rougue Returnal, além de decolar para uma aventura interdimensional, que é sucesso para todas as idades, Ratchet&Clank: Em Uma Outra Dimensão. Ambos exploram os principais recursos do PS5.Suporte vertical vendido separadamente!Itens incluídos: Console PlayStation®5 Edição DigitalControle sem fio DualSenseSSD de 1TB2 bases para suporte horizontalCabo HDMICabo de alimentação de CACabo USBMateriais impressosASTRO’s PLAYROOM (Jogo pré-instalado), voucher com códigos dos jogos Returnal™ e Ratchet & Clank™: Em Uma Outra Dimensão.Aviso legal• A duração da bateria dos controles depende de como o produto é usado."
Caixa De Som Boombox Aiwa AWS-BBS-01B 200w IP66 30hs De Bateria Preto,"R$ 1.497,70",1292,"Caixa De Som Boombox Bluetooth Plus AWS-BBS-01B AiwaReunir nossa família e amigos para desfrutar de uma boa música é um dos prazeres da vida. Curta um som potente e de alta definição com a Boombox AIWA AWS-BBS-01! A caixa de som portátil foi projetada com sistema de som de 3 vias - 1 subwoofer, 2 midrange e 2 tweeters -, além de ter dois radiadores passivos laterais, 200W RMS de potência e o DNA da marca AIWA. Com o certificado IP66, você e sua turma podem ouvir sua playlist favorita na beira da piscina ou na praia sem preocupação, já que a Boombox é resistente a jatos potentes de água e tem proteção total contra poeira.SOM DE ALTA DEFINIÇÃO COM 3 VIASPreencha o ambiente com um som AIWA potente! Projetado com o sistema de som de 3 vias (3-Way Speaker System), a Boombox AWS-BBS-01 possui 1 subwoofer, 2 midrange e 2 tweeters, além de 3 amplificadores de áudio, um para cada canal (grave, médio e agudo), e com resposta de frequência dinâmica de 20Hz - 20KHz. Uma experiência sonora com a pureza do DNA AIWA®! Vocais claros e nitidez nos detalhes, assegurando um som perfeito e sem distorções.200W RMS DE POTÊNCIASinta a experiência sonora impactante com os 200W RMS de potência da caixa portátil AIWA. Graves mais profundos e som potente. E, com a tecnologia Energy Saving, você mantém os 200W de potência até ouvindo música na bateria.RADIADORES PASSIVOSA Boombox conta com dois radiadores passivos laterais, que atuam em conjunto com os alto-falantes para aprimorar a propagação do som.PROTEÇÃO IP66: RESISTENTE A POEIRA + ÁGUACaixa de som com proteção. O certificado IP66 garante resistência a jatos potentes de água e resistência total contra poeira.ATÉ 30 HORAS DE BATERIADivirta-se com as músicas que você ama por até 30 horas de bateria, sem precisar recarregar. (*) 30 horas com 50% do volume e luzes desligadas. A duração real da bateria varia conforme as condições de uso.FUNÇÃO TWS: DUPLIQUE SUA EXPERIÊNCIACom a tecnologia TWS (True Wireless Sound), você sincroniza duas Boombox AWS-BBS-01 e duplica a potência sonora.BLUETOOTH 5.3Pareamento da caixa de som portátil com seu smartphone via Bluetooth. Com a versão 5.3, a conexão é mais rápida e estável e o consumo de bateria é menor.LEVE PARA QUALQUER LUGAR!Com a alça de transporte, fica fácil levar suas músicas favoritas com você para onde quiser.DIMENSÕES E PESO:Altura: 26,1 cmLargura: 48,4 cmComprimento: 21,1 cmPeso: 6 kg."
Motorola Moto G54 5G 256 GB Azul 8 GB RAM,"R$ 1.088,85",21267,"CAPACIDADE E EFICIÊNCIA EM UM SÓ APARELHO!Smartphone Motorola Moto G54 5G 256GB 8GB RAM Câmera 50MP + 2MP Selfie 16MP 6.5"" Azul-Vegan LeatherLançamento: 09/2023 Beleza em alta definição. Tela imersiva FHD+ e Dolby Atmos1 Se você adora curtir seu entretenimento, o moto g54 5G é a escolha certa. Dê vida a filmes, jogos e músicas na tela FHD+ imersiva de 6,5″ e 120 Hz. Sinta a imersão que só um som multidirecional proporciona com alto-falantes estéreo e Dolby Atmos®1 . Capture fotos nítidas e vídeos fluidos com a câmera de 50 MP e a Estabilização óptica de imagem (OIS). Aproveite o potente processador octa-core para curtir seu entretenimento com a velocidade 5G2 . Além disso, com uma superbateria com carregamento TurboPower™, você pode maratonar suas séries favoritas longe da tomada. E ainda conte com bastante espaço para armazenar seus arquivos. Com o novo moto g54 5G, cada detalhe importa.Tela cheia de diversão Assista às suas séries favoritas com a resolução FHD+ nativa da tela de 6,5″. Curta jogos fluidos e navegação suave com a taxa de atualização de 120 Hz. Mergulhe no entretenimento de ponta a ponta com uma proporção relativa da tela de 86%. Tela com design Hole-in-Display (HiD) para uma experiência de imersão completa. E com uma taxa de amostragem de toque de 240 Hz, a tela responde ainda mais rápido ao toque. Desempenho suave Alterne entre apps sem estresse. Com 4 GB/8 GB de memória5 , seus apps e dados ficam prontos em segundo plano para que tudo funcione perfeitamente rápido. Acelere com o 5G2 Faça o possível e o impossível com a velocidade do 5G2 . Baixe suas séries favoritas em segundos. Veja conteúdo por streaming praticamente sem buffer. Tenha a sensação de estar conversando pessoalmente em videochamadas sem lag. Velocidade 5G pronta para o futuro2 Prepare-se para a próxima geração de tecnologia sem fio com um telefone desenvolvido para o futuro. Baixe suas séries favoritas em um piscar de olhos e não fique para trás por causa de uma conexão de dados lenta. Câmera de 50 MP Brilho inabalável Capture fotos nítidas mesmo em pouca luz e vídeos fluidos usando a câmera de 50 MP com Estabilização óptica de imagem (OIS) e tecnologia Quad Pixel. Também chegue mais perto do que nunca para capturar os mínimos detalhes com a câmera macro. Resultados claramente melhores Diga adeus às fotos tremidas. A Estabilização óptica de imagem (OIS) corrige automaticamente os vídeos e fotos tremidos por movimento acidental da câmera. Assim, os detalhes ficam claros até com mais tempo de exposição em ambientes com pouca luz. Brilhe com qualquer luz Agora todo mundo pode ficar sempre bem na foto. Com o sensor de 50 MP, seus cliques saem lindos e cheios de detalhes. Já a tecnologia Quad Pixel tem 4x mais sensibilidade em situações de pouca luz para suas fotos ficarem mais nítidas e vibrantes, seja de dia ou de noite. Chegue mais perto Muitas vezes, a beleza está nas pequenas coisas. Com a câmera macro dedicada, você chega bem mais perto e captura todos os detalhes que as lentes padrão não veem. Bateria Superbateria de longa duração Dá para esquecer o carregador e o estresse. Conte com a superbateria de 5000 mAh para ouvir música por mais tempo, passar horas em videochamadas com os amigos e maratonar suas séries preferidas até o último episódio3 . Carregue mais rápido e chegue mais longe São 5000 mAh de bateria para você fazer tudo que quiser. Depois, é rápido carregar com o TurboPower™. Armazenamento Para armazenar tudo que precisar Pare de se preocupar com a memória do celular. Com 128 GB/256 GB de armazenamento interno5, 7,, você tem espaço para fotos, filmes, músicas e apps. Se precisar, você ainda pode adicionar até 1 TB usando um cartão microSD4 . --------------------------------------------------ATENÇÃO:*O aparelho possui uma ranhura para chip físico e outra ranhura para SD Card.*Usuário regular pode obter até 4,5 horas de duração da bateria em 15 minutos de carregamento. Todas as declarações sobre a duração da bateria são aproximadas e têm como base o usuário regular, conforme testes com um perfil de uso misto (que inclui tempo de uso e em espera) sob condições de rede ideais. O desempenho real da bateria varia e depende de muitos fatores, como intensidade do sinal, configurações do dispositivo e da rede, temperatura, condição da bateria e padrões de uso.*O armazenamento total indicado, também conhecido como memória ROM, corresponde à capacidade física total (bruta) do circuito de memória existente no dispositivo. O armazenamento interno disponível para o usuário, de maneira similar a outros equipamentos como computadores, é inferior à capacidade física total devido a diversos fatores como formatação (organização da estrutura lógica do componente para uso pelo sistema operacional), espaço ocupado pelo sistema operacional necessário para funcionamento do smartphone, aplicativos, conteúdos, dados instalados, bem como espaço reservado necessário para atualizações do sistema operacional."
Micro-ondas MI41S 31L Espelhado Com Painel Integrado e Função Tira Odor Cor Prata Electrolux 127V,"R$ 829,03",7595,"PRATICIDADE NA COZINHA!O Micro-ondas MI41S 31 Litros Prata 31L Electrolux 127V, é perfeito para você que busca praticidade em sua cozinha. Apresentando 10 diferentes níveis e programas de cozimento e display que permitirá que você seja mais preciso ao selecionar o tipo de comida, definir o tempo e a função para cozinhar. Além disso, ele possui um excelente sistema de segurança com fechadura especial para ás crianças da família. Seu design é elegante e moderno, com uma porta de espelho minimalista que encaixa em qualquer cozinha.----------------------------------------------------------------------------------DIMENSÕES E PESO:Altura: 32,5 cmLargura: 52 cmProfundidade: 42,2 cmPeso: 15,2 kgAviso legal• Sua eficiência energética é de A."
Smart Tv 43'' Full Hd Com Roku Tv 43s5135/78g Aoc Bivolt Cor Preto,"R$ 1.399,90",4642,"Smart Tv 43'' Full Hd Com Roku Tv 43s5135/78g Aoc BivoltEXPERIÊNCIA DE CINEMA NA SUA CASA!Com a AOC Roku TV 43"", aproveite o máximo de entretenimento com o sistema operacional Roku e qualidade de imagem HD. São milhares de aplicativos disponíveis, como Netflix, YouTube, Prime Video, Disney+, Star+, HBO Max, Spotify, Globoplay, entre outros.Controle total da sua TV com o Roku Mobile App, disponível para Android e iOS. Controle todas as funções da TV, faça buscas facilmente com o teclado virtual, conecte um fone de ouvido ao celular para escuta privada e transmita comandos de voz com seu assistente de voz favorito, seja Ok Google, Alexa ou Siri.Compatibilidade total com dispositivos Apple através do Airplay. Design sem bordas que harmoniza em qualquer ambiente.ESPECIFICAÇÕES:Marca: AOCModelo: 43S5135/78GTipo de painel: LEDPolegadas: 43""Cor: PretaVoltagem: BivoltCARACTERÍSTICAS:Sistema Operacional: Roku TVMemória (DRAM + Flash): 512 MB + 512 MBConsumo Ligado: 8 kwh/mêsControles manuais: Ligar/Desligar/MenuAplicativos para Celular: Roku Mobile AppSistema de cores: ISDB-T/NTSC/PAL-MConsumo em modo espera (standby, máximo): <0.5WFonte: AC 110-240V 50/60HzTamanho da imagem visível (diagonal): 109 cmReceptor Digital Integrado (DTV): SimBrilho: 230 nitsDigital Noise ReductionSuporte de cores: ISDB-T/NTSC/PAL-MParental Control (controle dos pais): SimCONEXÕES:3 HDMI1 USB1 Video Composto1 Áudio L-R1 Entrada RF (Antena)1 SPDIF (Áudio Óptica)1 Saída Fone de Ouvido1 Ethernet RJ-45ÁUDIO:Alto-Falantes: Downfiring x 2Sistema de áudio (estéreo): Dolby DigitalPotência de áudio (RMS): 16 WDIMENSÕES E PESO:Altura sem base: 56,84 cmLargura sem base: 95,83 cmProfundidade sem base: 8,21 cmPeso sem base: 6,87 kgFuração VESA: 100×200DIMENSÕES E PESO:Altura com base: 60,01 cmLargura com base: 95,83 cmProfundidade com base: 23,74 cmPeso com base: 6,95 kgO QUE VEM INCLUSO?1 Smart Tv 43 Preta 43s5135/78g AOC Bivolt1 Controle remoto2 Pilhas1 Cabo de força1 Base4 Parafusos de fixação da base1 Manual do usuário1 Guia rápido de instalação"
Creatina Monohidratada 500g Soldiers Nutrition Sabor Natural,"R$ 73,90",111723,"Acompanha Colher Dosadora 3gCREATINA:- Aumenta a capacidade do músculo de gerar força;- Aumento de massa magra;- Aumento da capacidade de treinamento;- Previne o catabolismo muscular;O QUE É?A creatina é um derivado de aminoácidos obtida através da dieta de síntese por nosso próprio organismo. Ela está presente essencialmente no músculo e auxilia na manutenção dos níveis de energia durante períodos breves de exercício intenso. Ou seja, sua função é crucial nos treinos com muito peso na busca pelo ganho de massa. QUANTO TOMAR/MELHOR HORÁRIO PARA CONSUMOO suplemento de creatina apresenta seus benefícios através de uso crônico, após iniciado o consumo ela deve ser ingerida todos os dias, levarão alguns dias até que os benefícios possam ser observados na sua totalidade.creatina é insulinodependente, isso significa que é preciso consumi-la junto com alimentos/suplementos que influenciem a produção de insulina. A lista de itens que possui este efeito envolve carboidratos de alto índice glicêmico como dextrose, maltodextrina, arroz, pão, macarrão e proteínas de alto índice insulinêmico como leite e whey protein.A sugestão de consumo determinada pela ANVISA é de 3gr ao dia.Não existe consenso entre pesquisadores sobre o melhor horário para consumo, existem evidencias que apontam para maiores benefícios quando consumida na refeição pré-treino, assim como também existem evidencias para melhores benefícios quando consumida junto com a refeição pós-treino.Modo de Preparo: Diluir 3g (1 colher dosadora) da creatina em 200ml de água ou bebida de sua preferência.Consumir uma porção ao dia ou conforme recomendação do nutricionista ou médico.ANVISA:Registro ISENTO conforme resolução RDC 27 de 06 de agosto de 2010 anexo I.Registro ISENTO conforme resolução RDC 240/2018.Aviso legal• Consumir junto com alimentos para facilitar sua assimilação.• Este produto é um suplemento dietético, não um medicamento. Suplementa dietas insuficientes. Consulte o seu médico e/ou farmacêutico."
Fritadeira sem óleo air fryer 4L Mondial preto 1500W AFN-40-BFT,"R$ 293,90",4397,"Prepare receitas do café da manhã ao jantar com a Air Fryer Mondial. E o melhor: de forma prática, rápida e saudável! A Tecnologia de Circulação de Ar Quente cozinha, frita (a ar), assa ou tosta os alimentos sem precisar adicionar óleo ou manteiga. Aliada à alta potência, a tecnologia da Fritadeira a Ar também possibilita rapidez nos preparos. O cesto quadro com capacidade de 4 litros acomoda melhor os alimentos, permitindo assar por igual. Saiba mais sobre a AFN-40-BFT:PRATICIDADE + RAPIDEZ NA COZINHAA Tecnologia de Circulação de Ar Quente e a alta potência possibilitam rapidez no preparo das receitas e praticidade em sua rotina na cozinha. CAPACIDADE DE 4 LITROS + CESTO QUADRADO O formato do cesto acomoda melhor os alimentos, permitindo assar por igual. Além disso, proporciona um maior aproveitamento do espaço do cesto.DESIGN COMPACTOA Air Fryer Mondial tem um design compacto e ocupa espaço reduzido na bancada da cozinha.ANTIADERENTE: NÃO GRUDAO cesto possui o antiaderente Duraflon, tecnologia exclusiva Mondial, e os alimentos não grudam no fundo. ALIMENTAÇÃO + SAUDÁVELNão é preciso utilizar óleo ou manteiga no preparo das receitas.FÁCIL DE LIMPARA limpeza da parte interna é fácil, pois a cuba e o cesto são removíveis e antiaderentes.MUITO ALÉM DE BATATA FRITAVocê conhece as possibilidades de receitas que podem ser feitas na Air Fryer? É possível preparar pão de queijo vegano, peixe, frango à parmegiana, bolinho de arroz, além de pratos doces, como bolo de chocolate, pudim, tortinha de banana, entre outros. É só colocar a criatividade em prática e mãos à obra!CONTROLE DE TEMPERATURA ATÉ 200°CPermite a escolha da temperatura ideal para diferentes tipos de alimentos.TIMER DE 60 MINUTOSFacilidade e comodidade de selecionar o tempo necessário de preparo das receitas. AVISO SONORO + DESLIGAMENTO AUTOMÁTICOApós o tempo pré-definido no Timer, há um aviso sonoro e a Fritadeira desliga automaticamente."
Playstation Ps5 Slim Standard + jogos Ratchet Clank and Returnal Branco 1 TB,"R$ 3.679,90",2879,"PS5 Playstation 5 Sony Slim, SSD 1TB, Controle sem fio DualSense Com Mídia Física, Branco + Jogos Returnal e Ratchet & ClankJogue Como Nunca Antes!PlayStation 5 com os jogos Returnal e Ratchet&Clank: Em Uma Outra Dimensão. Com um console PS5, os jogadores contam com uma poderosa tecnologia de jogos em um design elegante e compacto.Experimente o carregamento extremamente rápido de um SSD de ultra-alta velocidade, imersão mais profunda com ajuda da resposta tátil, gatilhos adaptáveis e áudio 3D, além de uma geração totalmente nova de jogos PlayStation incríveis.Na velocidade da luz Domine o poder de uma CPU e GPU personalizadas e o SSD com E/S integradas que redefinem as regras do que o console PlayStation pode fazer.Jogos impressionantes Maravilhe-se com os gráficos incríveis e experimente os recursos do novo PS5.Imersão de tirar o fôlego Descubra uma experiência de jogos mais profunda compatível com resposta tátil, gatilhos adaptáveis e tecnologia de áudio 3D.Design SlimCom o PS5 Edição Digital, os jogadores contam com uma poderosa tecnologia de jogos em um design elegante e compacto.1TB de armazenamentoTenha seus jogos favoritos prontos e esperando para você começar a jogar com 1TB de armazenamento SSD integrado. Compatibilidade com versões anteriores e Game BoostO console PS5 pode rodar mais de 4.000 jogos PS4. Com o recurso Game Boost, você pode até mesmo aproveitar as taxas de quadros mais rápidas e suaves em alguns dos melhores jogos do console PS4.Para uso com os seguintes acessórios:- 2 Suportes Horizontais.- Suporte vertical vendido separadamente.- Controle sem fio DualSense.- Jogos: Disco Blu-Ray™ de Returnal™ e Disco Blu-Ray™ de Ratchet & Clank™: Em Uma Outra Dimensão- SSD 1TB- Cabo HDMI- Cabo de alimentação de CA- Materiais impressos- ASTRO’s PLAYROOM (Jogo pré-instalado).Áudio 3D por meio de alto-falantes embutidos na TV ou fones de ouvido estéreo analógicos/USB. É necessária a configuração e a atualização para o software mais recente do sistema. Uma parte do SSD é reservada para o software do sistema e outras funções, portanto a capacidade disponível do SSD pode variar.Código de Homologação da Anatel: 11668-20-10911Aviso legal• A duração da bateria dos controles depende de como o produto é usado."
Bicicleta Spinning Com Roda De Inércia De 13kg Wct Fitness Cor Preto,"R$ 1.518,90",2131,"A Bicicleta Spinning Com Roda De Inércia De 13kg Wct Fitness é uma excelente escolha para quem busca melhorar a condição física e a saúde de maneira divertida e eficaz. Com a prática de spinning, é possível obter diversos benefícios para o organismo:- Queima de calorias: uma hora de atividade pode eliminar até 700 calorias.- Melhora da saúde cardíaca: contribui para a redução da pressão arterial e do colesterol, além de aprimorar a capacidade respiratória.- Tonificação muscular e redução da celulite: trabalha os músculos das pernas, glúteos, abdome e braços, acelerando a circulação e auxiliando na eliminação da celulite.- Combate ao estresse: a atividade estimula a produção de serotonina e dopamina, ajudando a aliviar as tensões do dia.Características do produto:- Peso total: 46kg.- Roda de inércia: 13kg.- Capacidade máxima de peso suportado: 140kg.- Altura recomendada do usuário: até 1,95m.- Estrutura compacta, ideal para exercícios em casa.- Sistema de giro com fita resistente.- Acompanha manual de instruções para auxiliar na montagem."
"Monitor Gamer Samsung 24"" FHD 75Hz HDMI VGA Freesync Preto Série T350","R$ 643,30",9944,"Transforme sua experiência de jogo com o Monitor Gamer T350 24”. Projetado para proporcionar imagens nítidas, suaves e envolventes, este monitor é a escolha perfeita para gamers exigentes e entusiastas de entretenimento digital. Características Destacadas: Taxa de Atualização de 75Hz e Tempo de Resposta de 5ms:Desfrute de cenas mais fluidas e sem falhas, seja assistindo a vídeos ou jogando. Diga adeus ao lag e ao efeito fantasma. Painel IPS com Resolução FHD:Obtenha cores vibrantes e precisas em qualquer ângulo com a resolução Full HD (1920 x 1080). Ideal para jogos, filmes e tarefas gráficas. Conexões HDMI e VGA:Conecte facilmente seus dispositivos com as entradas HDMI e VGA, proporcionando flexibilidade e conveniência.    Recursos de Jogo Avançados: AMD Radeon FreeSync™:Sincronize a taxa de atualização do monitor com a placa gráfica para reduzir a quebra de imagem, garantindo uma experiência de jogo suave e sem interrupções. Modo de Jogo:Ajuste automaticamente as configurações de cor e contraste para visualizar todos os detalhes, detectando inimigos escondidos e aprimorando a sua performance nos jogos.Design e Conforto:Tela sem Bordas em Três Lados:Design minimalista que maximiza sua concentração e oferece uma estética moderna. Perfeito para setups com múltiplos monitores.Tecnologia de Conforto Visual:Reduza a fadiga ocular com a tecnologia Flicker Free, que elimina a tremulação irritante da tela, e o Eye Saver Mode, que minimiza a emissão de luz azul. Especificações Técnicas:Proporção de Tela: 16:9Brilho: 250 cd/ (Típico), 200 cd/ (Mínimo)Contraste Estático: 1000:1 (Típico)Contraste Dinâmico: MegaTempo de Resposta: 5ms (GTG)Ângulo de Visão: 178°/178°Suporte de Cores: Máx. 16.7MGama de Cores: 72% NTSC (CIE 1931)Taxa de Atualização: Máx. 75HzModelo: LF24T350FHLMZD Conectividade:D-Sub: 1 EAHDMI: 1 EA (Versão 1.4) Dimensões e Peso:Produto com Base: 539.2 x 425.3 x 232.0 mm, 2.7 kgProduto sem Base: 539.2 x 322.8 x 39.4 mm, 2.4 kgEmbalagem: 675 x 125 x 387 mm, 4.0 kg Acessórios Incluídos:Cabo HDMICabo de Alimentação (1.5 m)O Monitor Gamer T350 24” combina tecnologia de ponta com um design elegante e funcionalidades avançadas para proporcionar a melhor experiência visual, seja para jogos, filmes ou trabalho. Adquira o seu hoje e leve sua performance para o próximo nível!"
Smart Tv Led 32 Hd Samsung Ls32betblggxzd 2 Hdmi 1 Usb Preto,"R$ 989,23",5527,"A Samsung é reconhecida mundialmente como uma empresa líder na indústria da tecnologia. Todos os seus produtos são projetados com qualidade superior e pensados para contribuir para um futuro melhor. Portanto, fará com que você tenha uma experiencia incomparável.Com smart TV Samsung você poderá acessar os aplicativos onde seu conteúdo favorito está localizado. Além disso, você pode navegar na web, interagir em redes sociais e se divertir com jogos de vídeo.Mergulhe na tela.Sua resolução HD apresenta imagens com grande detalhe e alta definição. Agora tudo o que você vê ganhará vida com brilho e cores mais reais.Um som que o rodeia.Você sentirá que vem de todas as direções possíveis, o que enriquece a percepção disso. O diálogo de sua série de fim de semana ou a música de seus cantores favoritos assumirá um significado diferente.Características:- Marca: Samsung- Modelo: LS32BETBLGGXZDEspecificações:Tela:- Tamanho: 32"" HD- Brilho (Típico): 250nit- Contraste (Tipico): 4,700:1- Angulo de Visão (HxV): 178:178- Operação: 8/7Conexões:- 2 x HDMI- 1 x USB- RF 1 Terrestrial / 1 CableConectividade:- RJ45- WiFiAlimentação:- Energia: AC100-240V e 50/60Hz- Consumo max de energia: 48Dimensões:- Sem Suporte: 737.4 x 438.0 x 74.1 mm- Com Suporte: 737.4 x 465.4 x 150.5 mm- Borda: 16.0 (Topo) 20.5 (Inferior) 18.5 (Esquerda) 18.5 (Direita) mm- VESA: 100 x 100Funcionalidades:Vídeo:- Picture Engine: Hyper RealAudio:- Dolby Digital Plus: Sim- Saída de Audio (RMS): 10W- Tipo de Speaker: 2CH (5W+5W)Broadcasting System:- Digital Broadcasting: ISDB-T- Sistema de Som DTV: DD+- Tuner Analógico: SimDispositivo Smart:- Tipo Smart TV: Smart- Sistema Operacional: Tizen- Suportado: Samsung businessTV / Netflix / Amazon Prime / Google Play Movies & TV / Youtube / etcRecursos:Geral:- Instant On: Sim- Modo Gamer: Sim (Básico)Smart:- Acesso Remoto: Sim- Easy Setup: Sim (Wifi Only)- Wireless TV On - Samsung WOL: Sim- WiFi Direct: SimConteúdo da Embalagem:- 1 x Smart TV Samsung- 1 x Controle Remoto- 1 x Cabo de Força- Baterias- Manual de Usuário"
Notebook Acer Predator Gamer Phn16-71-72w6 I7-13650hx  16gb 512gb Ssd Rtx 4060  Windows 11 Home Tela 16 Wuxga,"R$ 7.649,90",93,"Modelo:Notebook Predator Helios Neo PHN16-71-72W6Sistema Operacional -:Windows 11 HomeCPU e Chipset:Intel® Core™ i7-13650HX de 13ª geração14 núcleos (6 Performace-cores e 8 Efficient-cores)20 threadsFrequência: até 4.90 GHz24 MB Intel®Smart CacheMemória RAM:16 GB RAM DDR5 de até 4800 MHz (2x módulos SO-DIMM de 8 GB cada)Expansível até 32 GB DDR5 de até 4800 MHz (com 2 slots para memórias em módulo SO-DIMM com capacidade para até 16 GB cada)Tela:16” Painel de LED IPS (in-Plane-Switching)Resolução: WUXGA (Wide Ultra Extended Graphics Array) 1920 x 1200Proporção: 16:10Taxa de atualização: 165 HzBrilho: 400 nitsTempo de resposta: 9 msContraste: 1000Espaço de cor (color gamut): sRGB 100%Tecnologia antirreflexo Acer ComfyView™Placa de Vídeo -:Nvidia® GeForce® RTX 4060 com 8 GB de memória dedicada GDDR6 com eficiência total (TGP) de 150W Suporte as tecnologias: NVIDIA® GeForce® Experience, Ray Tracing Cores, Tensor Cores, Microsoft DirectX® 12 Ultimate, OpenGL, NVIDIA® Dynamic Boost, Game Ready Drivers e DLSSUHD para processadores Intel® com memória compartilhada com a memória RAM.Áudio:2x Alto-falantes estéreo de 2 Watts cada• Tecnologia AcerTrueHarmony• Tecnologia DTS®X: Ultra Áudio• Suportado no Windows Spatial Sound para PC Gaming, com licença DTS Integrada• Renderização de áudio imersiva em fones de ouvido e alto-falantes internos2x Microfones• Tecnologia Acer Purified Voice com redução de ruído de fundo feito por inteligência artificial• Compatível com Cortana com vozCapacidade:512 GB SSD NVMe PCIe 4.0 x4 M.2 2280Expansão:Este modelo possuí capacidade para a instalação (upgrades) de SSDs NVMe:• Slot dedicado ocupado M.2 2280, compatível com barramento PCIe 4.0 x4 NVMe de até 2TB. (Não acompanha o produto)• Slot dedicado livre M.2 2280, compatível com barramento PCIe 4.0 x4 NVMe de até 2TB. (Não acompanha o produto)Webcam:Webcam com resolução HD de 1280 x 720 gravação de vídeo em 720p á 30 FPS com recurso TNR (redução de ruido temporário) Controles de Privacidade:Senha para BIOS e HDTrava KensingtonTPM em Firmware (fTPM)Dimensões e Peso:Sem embalagem:360.1 (L) x 279.9 (P) x 28.25 (A) mm 2,6 kgCom embalagem (Aproximadamente~):540 (L) x 360 (P) x 85 (A) mm 4,7 kgBateria e Alimentação:Fonte de alimentação:Externa de 330 Watts bivolt 100 a 240 Volts com cabo de 3 pinos padrão do Brasil e certificação do INMETROBateria:5850 mAh com 4 células de Íon de lítio de 90 Watts / horaAutonomia da bateria de até 7 horas (dependendo das condições de uso)Aplicativos Embarcados:PredatorSense (configure como deseja utilizar seu notebook) Conteúdo da Embalagem:Notebook Acer Predator Helios NEOFonte de alimentação do notebookManual em português do BrasilTermo de garantiaCor:PretoAcer P/N:NH.QQBAL.005Certificado de Homologação da ANATEL:069701804423Aviso legal• A duração da bateria depende do uso que se dê ao produto."
Air fryer Mondial Oven AFON-12L-BI cor preto/inox 127V,"R$ 552,90",33,"DESCRIÇÃO RESUMIDAA Air Fryer AFO-12L-BI da Mondial é 2 em 1: Fritadeira a Ar com o espaço e versatilidade do forno. Você pode assar, cozinhar e fritar sem óleo e produzir receitas muito mais saudáveis! A capacidade total de 12 litros permite o preparo de grandes porções e de uma só vez. Características:Marca: Mondial  Modelo: AFO-12L-BI  Especificações:  Cor: Inox  Voltagem: 127V  Tensão: 2000W  Capacidade total: 12 Litros  Cesto de 5L + 2 Assadeiras  2 em 1: Air Fryer + Forno  Controle de temperatura até 200°C  Painel Digital  10 funções pré-definidas  Antiaderente Duraflon  Tecnologia de circulação de ar quente  Iluminação interna  Aviso sonoro + desligamento automático  Puxador e acabamento em Inox  Acompanha bandeja coletora  Dimensões: 39x32x36 cm (AxLxP)  Conteúdo da embalagem:  1 x Fritadeira Elétrica  2 x Assadeiras  1 x Cesto  1 x Bandeja coletora  1 x Livro de receitas  1 x Manual de instruções  Peso:  7,6 kg"
Creatina Monohidratada 600g 100% Pura Soldiers Nutrition Sem Sabor,"R$ 94,90",111723,"Acompanha Colher Dosadora 3gCREATINA:- Aumenta a capacidade do músculo de gerar força;- Aumento de massa magra;- Aumento da capacidade de treinamento;- Previne o catabolismo muscular;O QUE É?A creatina é um derivado de aminoácidos obtida através da dieta de síntese por nosso próprio organismo. Ela está presente essencialmente no músculo e auxilia na manutenção dos níveis de energia durante períodos breves de exercício intenso. Ou seja, sua função é crucial nos treinos com muito peso na busca pelo ganho de massa. QUANTO TOMAR/MELHOR HORÁRIO PARA CONSUMOO suplemento de creatina apresenta seus benefícios através de uso crônico, após iniciado o consumo ela deve ser ingerida todos os dias, levarão alguns dias até que os benefícios possam ser observados na sua totalidade.creatina é insulinodependente, isso significa que é preciso consumi-la junto com alimentos/suplementos que influenciem a produção de insulina. A lista de itens que possui este efeito envolve carboidratos de alto índice glicêmico como dextrose, maltodextrina, arroz, pão, macarrão e proteínas de alto índice insulinêmico como leite e whey protein.A sugestão de consumo determinada pela ANVISA é de 3gr ao dia.Não existe consenso entre pesquisadores sobre o melhor horário para consumo, existem evidencias que apontam para maiores benefícios quando consumida na refeição pré-treino, assim como também existem evidencias para melhores benefícios quando consumida junto com a refeição pós-treino.Modo de Preparo: Diluir 3g (1 colher dosadora) da creatina em 200ml de água ou bebida de sua preferência.Consumir uma porção ao dia ou conforme recomendação do nutricionista ou médico.ANVISA:Registro ISENTO conforme resolução RDC 27 de 06 de agosto de 2010 anexo I.Registro ISENTO conforme resolução RDC 240/2018.Aviso legal• Idade mínima recomendada: 18 anos.• Consumir junto com alimentos para facilitar sua assimilação.• Este produto é um suplemento dietético, não um medicamento. Suplementa dietas insuficientes. Consulte o seu médico e/ou farmacêutico."
Electrolux Micro-ondas  MTO30 Branco,"R$ 539,90",14993,"100 anos de experiência, atendendo as expectativas e às mais altas exigências dos chefs profissionais, apoiam a excelência da Electrolux. Seus produtos destacam-se pelo seu design e a facilidade de uso. Seja para cozinhar vegetais delicados, descongelar um delicioso guisado ou requentar as sobras do meio-dia, um micro-ondas da Electrolux é a maneira mais confortável de fazer isso. Variedade de funções e programas Para se destacar, este micro-ondas apresenta 10 diferentes níveis e programas de cozimento. Desfrute de todas as suas comidas com o mínimo de esforço e máximo sabor. Design inovador e acessóriosA liberdade é absoluta, porque pode levá-lo onde quiser quando você se mudar.Seu display permitirá que você seja mais preciso ao selecionar o tipo de comida, definir o tempo e a função para cozinhar. Além disso, possui um excelente sistema de segurança com fechadura especial para ás crianças da família.Capacidade e eficiênciaCom um volume de 20 litros você vai desfrutar das comidas para compartilhar com os seus amigos e familiares.Oferece uma potência máxima de 1300 watts que pode ser regulada em diferentes níveis, dependendo do tipo de alimento, por exemplo, para evitar secar alguns pratos mais delicados, como massas. Com o seu fácil uso, você poderá selecionar e programar de uma forma prática.Cuidado de energia garantidoA categoria “A” do seu micro-ondas permite que seu eletrodoméstico gaste aproximadamente 50% menos energia do que aqueles que têm um consumo médio.Ele faz tudo por você Somente coloque o peso dos alimentos e o micro-ondas programa automaticamente o tempo necessário para descongelar.Aviso legal• Sua eficiência energética é de A."
Smart Tv 43pfg6918/78 Full Hd 43'' Google Philips 110v/220v,"R$ 1.499,31",2540,"QUALIDADE E TECNOLOGIA!A Smart TV Philips 43PFG6918/78 é um modelo avançado em entretenimento doméstico. Com tela de 43 polegadas, LED Full HD, proporciona imagens claras e cores vibrantes para uma experiência visual imersiva.Conta com um sistema operacional ágil, que permite acesso a uma ampla gama de aplicativos, serviços de streaming e conteúdos online. Com Wi-Fi 802.11ac, 2x2, banda dual integrado, a navegação na internet é facilitada. Possui controle de voz pelo Google Assistente e áudio dolby.-------------------------------------------DIMENSÕES E PESO:Altura (sem base): 56,9 cmLargura (sem base): 95,8 cmProfundidade (sem base): 8,2 cmPeso (sem base): 6,86 kgAltura (com base): 58,7 cmLargura (com base): 95,8 cmProfundidade (com base): 22,4 cmPeso (com base): 7,01 kgATENÇÃO:*EPG e visibilidade efetiva (até 8 dias) dependem do país e da operadora.*As ofertas de aplicativo da Smart TV variam dependendo do modelo de TV e do país. Para obter mais detalhes, acesse o site do fabricante.*A imagem representada no site utiliza fotos não contratuais. Confira sempre a TV ofertada.*Essa TV contém chumbo em apenas algumas peças e alguns componentes em que não há alternativas tecnológicas de acordo com as cláusulas de isenção existentes sob a Diretiva RoHS.*Requer assinatura do Disney+. Sujeito aos termos das entidades relacionadas. O Disney+ está disponível em idiomas e países selecionados.*É necessária uma assinatura da Netflix. Sujeito aos termos no site da mesma.*O aplicativo Philips TV Remote e as funcionalidades relacionadas variam por modelo de TV, operadora e país, bem como modelo de dispositivo inteligente e sistema operacional.*O Amazon Prime está disponível em idiomas e países selecionados.*A Philips não garante 100% de interoperabilidade com todos os dispositivos HDMI CEC*As ofertas de aplicativo para Android variam por país. Para mais detalhes, visite nossa Google Play Store local.*O Google Assistente está disponível nas Philips Android TVs em execução no Android O (8) ou versão superior do SO. O GA está disponível em idiomas e países selecionados, com suporte desde o início para Inglês (RU) e Alemão (AL) e Francês (FR). A lista de idiomas/países suportados será expandida com o tempo.*Google TV é o nome da experiência de software desse dispositivo e uma marca registrada da Google LLC.*YouTube, Ok Google, entre outras, também são marcas registradas da Google LLC."
Creatina Monohidratada Pura 500g Dark Lab Unidade,"R$ 74,62",34303,"Dark Lab é uma renomada empresa internacional, agraciada com múltiplos prêmios por sua busca incessante pela excelência na pureza. Revolucionando o mercado de suplementação ao introduzir inovação de maneiras inéditas. Com abordagem pioneira se baseia na utilização exclusiva de matérias-primas importadas, cuidadosamente selecionadas por sua qualidade insuperável.Apresentamos a Creatina da Dark Lab: pureza comprovada em todos os aspectos. Passando por rigorosos testes de qualidade, garantindo sua excelência. A análise conduzida pela Abenutri registrou uma impressionante pureza de 98,1%, enquanto o teste realizado pelo Felix Bonfin atestou uma pureza impecável de 100%.""Descubra os poderosos benefícios da Creatina da Dark Lab:Melhora do Desempenho Físico: A Creatina é conhecida por aumentar a disponibilidade de energia rápida nas células musculares, o que resulta em melhorias significativas no desempenho durante exercícios de alta intensidade.Aumento da Força Muscular: Ao ajudar a regenerar o ATP (adenosina trifosfato), a creatina auxilia na rápida recuperação da energia necessária para contrações musculares, levando a um aumento na força e potência muscular.Aumento do Volume Muscular: A creatina promove a hidratação celular, resultando em um aspecto mais volumoso e definido dos músculos.Recuperação Aprimorada: Ao acelerar a ressíntese de ATP, a creatina contribui para uma recuperação mais rápida entre as sessões de treinamento, permitindo que você se dedique ao seu treino com maior frequência.Suporte ao Ganho de Massa Muscular: Combinada a um treinamento adequado, a creatina pode ajudar no aumento da massa muscular magra ao longo do tempo.Função Cognitiva: Além dos benefícios físicos, a creatina também demonstrou ter impactos positivos na função cognitiva e na saúde cerebral.Ao escolher a Creatina da Dark Lab, você está optando por um suplemento comprovado por testes de pureza, garantindo que você aproveite todos esses benefícios com a mais alta qualidade. Eleve seu treinamento e alcance seus objetivos com o suporte excepcional dos produtos Dark Lab.Aviso legal• Idade mínima recomendada: 18 anos.• Consumir junto com alimentos para facilitar sua assimilação.• Este produto é um suplemento dietético, não um medicamento. Suplementa dietas insuficientes. Consulte o seu médico e/ou farmacêutico."
Fritadeira Air Fryer Mondial New Pratic Af-31 220v,"R$ 234,90",3794,"PRATICIDADE E SAÚDE NA SUA ROTINA!A Tecnologia de Circulação de Ar Quente permite cozinhar, fritar, assar ou tostar os alimentos sem precisar adicionar óleo, ou manteiga. Além disso, a alta potência proporciona rapidez no preparo das receitas. Com capacidade de 3,5 litros e o cesto é revestido com antiaderente Duraflon, tecnologia exclusiva Mondial!Com um design compacto, a Air Fryer Mondial ocupa pouco espaço na sua cozinha! Com acabamento em aço inox, a limpeza da parte interna é fácil, pois a cuba e o cesto são removíveis. Desfrute de uma facilidade e comodidade de selecionar o tempo necessário de preparo das receitas, com o timer pré-definido, um aviso sonoro e a fritadeira desliga automaticamente! Permita a escolha da temperatura ideal para diferentes tipos de alimentos. Existem diversas possibilidades de receitas que você pode fazer no seu dia a dia!--------------------------------------------------------------------DIMENSÕES E PESO:Altura: 31 cmLargura: 27,5 cmProfundidade: 32,5 cmPeso: 3,9 kgATENÇÃO:*Profundidade do produto é considerando o puxador"
Smart TV 50DU8000 50'' Crystal UHD 4K 2024 Cor Cinza Titan Samsung 127V/220V,"R$ 2.399,90",588,"Samsung Smart TV 50"" Crystal UHD 4K 50DU8000 2024Painel Dynamic Crystal ColorGaming HubDesign AirSlimSom em Movimento VirtualAI Energy ModeAlexa built inCom TV UN50DU8000GXZD você poderá desfrutar de seu conteúdo favorito, como filmes e programas de interesse, com grande qualidade e a partir do conforto de sua poltrona.------------------------------------------ESPECIFICAÇÕESHDMIUSBWi-FiBluetoothSaída de Áudio Digital (Óptica)Entrada de RF (terrestre/entrada de cabo)Apple AirPlayExperiência Multi DispositivoMultitelaAlexaBixbySom adaptativo------------------------------------------DIMENSÕESAltura: 644,6Largura: 1118,3Profundidade: 25,7Altura com suporte: 684,6Largura com suporte: 1118,3Profundidade com suporte: 226,3"
Micro-ondas Electrolux de bancada Branco com Função Tira Odor e Manter Aquecido 34L MEO44 127v,"R$ 692,20",16647,"Micro-ondas Electrolux MEO44Esse modelo da Electrolux realmente fará a diferença no seu dia a dia, com muitas funções que facilitarão sua vida. Com uma grande capacidade, o Micro-ondas Electrolux 34 Litros é ideal para a família que sempre recebe muita gente nos almoços e reuniões de fins de semana.O Micro-ondas Branco MEO44, com seu menu Dia a Dia, auxilia você a preparar as receitas mais populares no país como arroz, macarrão e batata, usando apenas um toque no painel, sem maiores preocupações.O menu Kids permite que você prepare as receitas preferidas das crianças como brigadeiro, pipoca e bolo de caneca. Com apenas um toque, você aciona o início da operação de seu Micro-ondas 34L e sua programação de tempo é descomplicada e fácil. Existe também a opção da função Manter Aquecido, que mantém alimentos na temperatura ideal para serem servidos, mesmo após um tempo de seu preparo.Outra facilidade, a função Limpa Fácil, vai ajudar a limpar seu Micro-ondas Electrolux, deixando mais fácil a remoção de sujeira de uma forma prática e simples.A função Trava-Painel permite garantir que crianças não acionem o micro-ondas, sendo possível travar o equipamento quando quiser.PRINCIPAIS CARACTERÍSTICAS• Função Trava Painel: essa função permite que você trave o painel sempre que for necessário ou para evitar que crianças ou pessoas não autorizadas possam acioná-las;  • O Puxador Embutido na cor prata confere robustez e elegância ao seu forno Micro-ondas Electrolux MEO44;  • Tecla Relógio: mais facilidade para acertar a hora nos displays;  • Função Mudo: se o som de “bip” incomoda, basta você apertar a tecla 0 por 4 segundos e pronto, o som do “bip” desaparece;  • Tecla Início +30seg: a programação de tempo descomplicada e fácil pode ser acionada com apenas um toque e seu forno micro-ondas Electrolux MEO44 já está funcionando;  • São 3 opções de menu pré-estabelecidos (Menu Dia a Dia, Menu Kids e Menu Light) para você escolher o que melhor se adequar à sua rotina.Aviso legal• Sua eficiência energética é de A."
Caixa Amplificada Connect Lights Cm-400 Preta Mondial Bivolt Cor Preto 110V/220V,"R$ 429,90",14280,"SOM COM A QUALIDADE QUE VOCÊ MERECE!A Caixa De Som Amplificada Bluetooth CM400 400w Mondial é ideal para você que aprecia som de qualidade, seja nas festas e reuniões com amigos ou família. Possui 400W RMS de potência, oferecendo máxima performance. Além disso, conta com conexão Bluetooth, entrada para instrumentos musicais e USB. Seu Display é digital, facilitando o controle e visualização dos detalhes da sua música. Conta com as facilidades de ter rádio FM, alça para transporte e rodinhas para transporte. Tudo isso, e ainda uma bateria interna recarregável, pois a música não pode parar.----------------------------------------------------------------------------------------------DIMENSÕES E PESO:Altura: 54 cmLargura: 35 cmProfundidade: 34 cmPeso: 4,50 kgAviso legal• A duração da bateria depende do uso que se dê ao produto."
Cetaphil Creme Hidratante 453g,"R$ 79,90",17438,"Cetaphil Creme possui tecnologia moisture lock: componentes com alto poder hidratante. Proporciona 48 horas de hidratação da pele. O Hidratante Cetaphil possui fórmula enriquecida com Niacinamida, Pantenol e Glicerina. Ele não possui fragância, assim seu cheiro não vai atrapalhar o seu perfume favorito, além de ser hipoalergênico. Use diariamente e você notará a restauração completa da barreira cutânea da pele em 7 dias.Benefícios do Produto: Proporciona alto poder de hidratação e deixa a pele macia e saudável. Ideal para uso também em áreas extremamente ressecadas.Uso específico do Produto: Pele extremamente seca e sensível.Local de Utilização do Produto: Corpo.Modo de Usar: Aplicar após o banho e repetir a aplicação sempre que necessário.Advertências: Este produto foi formulado de maneira a minimizar possível surgimento de alergia. Mantenha o produto longe do alcance das crianças. Não utilize sobre a pele lesionada. Em caso de reação, suspenda o uso. Em caso de ingestão acidental, procure atendimento médico. Em caso de contato com os olhos, enxágue imediatamente. Armazenar em temperatura ambiente e ao abrigo do sol. Uso externo.Principais Características do Produto:    • Estimula as 15 ceramidas que a pele precisa.   • Ingredientes hidratantes que retêm a umidade da pele, prevenindo a perda de água.   • 100% dos usuários sentiram que o produto hidrata a pele nas áreas mais ressecadas*.*Estudo realizado com 31 participantes durante 28 dias de aplicação."
Samsung Galaxy A15 5G 256 GB azul-escuro 8 GB RAM,"R$ 1.189,34",4759,"Fotografia profissional no seu bolsoDescubra infinitas possibilidades para suas fotos com as 3  câmeras principais de sua equipe. Teste sua criatividade e jogue com iluminação, diferentes planos e efeitos para obter ótimos resultados.Além disso, o dispositivo possui uma câmera frontal de 13 Mpx para que você possa tirar selfies divertidas ou fazer videochamadas.Experiência visual incrívelAssista às suas séries e filmes favoritos com a melhor definição na sua tela Super AMOLED de 6.5"". Desfrute de cores brilhantes e detalhes precisos em todo o seu conteúdo.Capacidade e eficiênciaCom seu poderoso processador e memória RAM de 8 GB seu computador alcançará alto desempenho com alta velocidade de transmissão de conteúdos e executará vários aplicativos ao mesmo tempo, sem atrasos.Desbloqueio facial e de impressão digitalMáxima segurança para que apenas você possa acessar o sua equipe. Você pode escolher entre o sensor de impressão digital para ativar seu telefone com um toque, ou o reconhecimento facial que permite desbloquear até 30% mais rápido.Vida útil da bateria mais longaDesconecte-se! Com a super bateria de 5000 mAh você terá energia por muito mais tempo para jogar, assistir séries ou trabalhar sem recarregar."
Monitor LG Gamer 21.5' Full Hd 75hz Freesync 22mp410-b.awzm Cor Preto 110V/220V,"R$ 519,87",5163,"Cor vibrante e precisaO Monitor LG acentua ainda mais desempenho dos visores de cristal líquido. A tela de 21,5 polegadas com resolução Full HD (1920X1080) proporciona imagens nítidas e precisas com incrível precisão cromática.Modo Leitura, Maior conforto visualPara ajudar a diminuir a fadiga ocular e proporcionar conforto visual durante a leitura de documentos no monitor, o Modo Leitura ajusta a temperatura da cor e a luminância, tornando a experiência similar à leitura de um livro em papel.Flicker Safe, Cuide da sua visãoO Flicker Safe reduz a cintilação invisível na tela, ajudando a reduzir o cansaço visual. Assim, você pode trabalhar com conforto durante períodos mais longos.Controle na tela, Interface de usuário mais simplesVocê pode personalizar o espaço de trabalho dividindo a tela ou ajustando as opções básicas do monitor com apenas alguns cliques.AMD FreeSyncCom a tecnologia AMD FreeSync, os jogadores podem desfrutar de movimentos perfeitos e fluidos durante jogos rápidos e em alta resolução, praticamente eliminando as falhas e intermitências na tela.Dynamic Action Sync, Reaja mais rápido aos oponentesO Dynamic Action Sync reduz o atraso de entrada, ajudando os jogadores a acompanhar movimentos cruciais em tempo real.Ataque primeiro na escuridãoO Estabilizador de Preto ajuda os jogadores a evitar snipers escondidos em locais muito escuros e a escapar rapidamente quando há explosão de granadas de luz.Crosshair, Pontaria aprimoradaA mira fica fixa no centro para melhorar a precisão"
Furadeira parafusadeira sem fio de 10mm Wap BPF 12K3 + accesorio 110V/220V,"R$ 166,14",47122,"Parafusadeira e furadeira 12V BPF 12K3. Pronta para usar a qualquer hora.Para quem busca praticidade e eficiência nas diversas tarefas manuais, a parafusadeira e furadeira 12V BPF 12K3 é a solução ideal. Com design exclusivo WAP, é uma ferramenta compacta, porém robusta, ideal para pequenas reformas e manutenção do lar.É bivolt e opera com bateria compacta recarregável de tecnologia lítio (Li-Íon), o que traz maior vida útil ao produto e proporciona a mobilidade de ter a ferramenta sempre a mão. Ainda conta com led indicativo de nível da bateria, que sinaliza quando é o momento de recarregar.Seja para apertar ou soltar parafusos, você tem o controle através do seletor de reverso, que inverte o sentido de rotação para o uso adequado a cada necessidade. Com seletor de torque de 18 níveis para parafusar e 1 nível para perfurar, é possível ajustar os parâmetros mais adequados para o trabalho a ser realizado. Somado ao ajuste de velocidade por pressão no gatilho, a ferramenta oferece muito mais produtividade e economia de tempo.A parafusadeira e furadeira 12V BPF 12K3 é um produto indicado para uso residencial e tem ótimo desempenho nas mais diversas tarefas. Vem com mandril de aperto rápido e design ergonômico, que garante maior conforto ao utilizar. Já o LED embutido no produto ajuda na melhor visibilidade do local de trabalho.Ainda acompanha maleta completa com acessórios para facilitar o uso com a ferramenta.FICHA TÉCNICA:- TENSÃO DO CARREGADOR: Bivolt (Carregador);- COR: Amarelo com Preto;- FREQUÊNCIA: 60 Hz;- TIPO DA BATERIA: Li-Íon (lítio);- TENSÃO DA BATERIA: 12 VDC;- CAPACIDADE DA BATERIA: 1500 mAh;- TEMPO DE CARREGAMENTO: 3 a 5 horas;- MOTOR: Universal / Escova;- VELOCIDADES: 18 (parafusadeira) + 1 (perfuração);- CONTROLE DE VELOCIDADE: Sim (Controlada por pressão no gatilho);- ROTAÇÕES: 0 - 740 rpm;- TORQUE: 17 Nm (1,7 kgf.m);- ÍNDICE DE PROTEÇÃO: IPX0;- MANDRIL:  3/8” - 10 mm;- PERFURAÇÃO NA MADEIRA: 20 mm Ø;- PERFURAÇÃO NO AÇO: 6 mm Ø;- CUBAGEM: 0,0032 m³;- EMPILHAMENTO MÁXIMO: 6;- DIMENSÕES DO PRODUTO (CxLxA): 21,5 x 6,9 x 19 cm;- PESO LÍQUIDO: 1,1 Kg;- DIMENSÕES DA EMBALAGEM (CxLxA): 20 x 7 x 23 cm;- PESO BRUTO: 1,6 Kg;CONTEÚDO DA EMBALAGEM: - Parafusadeira e furadeira WAP BPF 12K3 ;- Bateria 12V; - Maleta;- Acessórios; - Manual de Instruções;COMPONENTES:- Maleta;- Mandril 3/8"" (10 mm);- LED de Iluminação;- Indicador de Carga de Bateria (30%, 70%, 100%);- Seletor de Torque com 18 níveis de aperto e 1 função de furação;- Seletor reverso.A parafusadeira e furadeira 12V BPF 12K3 é um produto indicado para uso residencial e tem ótimo desempenho nas mais diversas tarefas. Vem com mandril de aperto rápido e design ergonômico, que garante maior conforto ao utilizar. Já o LED embutido no produto ajuda na melhor visibilidade do local de trabalho."
Samsung Galaxy A15 128 GB Azul Escuro 4 GB RAM,"R$ 898,75",4295,"Fotografia profissional no seu bolsoDescubra infinitas possibilidades para suas fotos com as 3  câmeras principais de sua equipe. Teste sua criatividade e jogue com iluminação, diferentes planos e efeitos para obter ótimos resultados.Além disso, o dispositivo possui uma câmera frontal de 13 Mpx para que você possa tirar selfies divertidas ou fazer videochamadas.Experiência visual incrívelAssista às suas séries e filmes favoritos com a melhor definição na sua tela Super AMOLED de 6.5"". Desfrute de cores brilhantes e detalhes precisos em todo o seu conteúdo.Melhor desempenhoSua memória RAM de 4 GB permite que seu smartphone funcione sem problemas e sem demora ao executar várias tarefas, jogar jogos ou navegar.Desbloqueio facial e de impressão digitalMáxima segurança para que apenas você possa acessar o sua equipe. Você pode escolher entre o sensor de impressão digital para ativar seu telefone com um toque, ou o reconhecimento facial que permite desbloquear até 30% mais rápido.Vida útil da bateria mais longaDesconecte-se! Com a super bateria de 5000 mAh você terá energia por muito mais tempo para jogar, assistir séries ou trabalhar sem recarregar."
Creatina Monohidratada 1Kg 100% Pura Soldiers Nutrition Sem sabor,"R$ 163,90",111723,"Creatina Monohidratada 1Kg - 100% Pura Importada - Soldiers NutritionAcompanha Colher Dosadora 3gProduto aprovado por diversos laudos laboratoriais, inclusive pela ABENUTRI (Associação Brasileira de Empresas de Produtos Nutricionais)BENEFÍCIOS DA CREATINA:- Aumenta a capacidade do músculo de gerar força;- Aumento de massa magra;- Aumento da capacidade de treinamento;- Previne o catabolismo muscular;O QUE É?A creatina é um derivado de aminoácidos obtida através da dieta ou síntese pelo próprio organismo. Presente principalmente no músculo, auxilia na manutenção dos níveis de energia durante exercícios intensos e breves.QUANTO TOMAR/MELHOR HORÁRIO PARA CONSUMOO uso contínuo da creatina é recomendado para a observação de seus benefícios. Deve ser ingerida diariamente, com alguns dias até que os efeitos sejam notados.A creatina depende da insulina para ser mais eficaz, sendo ideal consumi-la com alimentos ou suplementos que estimulem a produção de insulina, como carboidratos de alto índice glicêmico ou proteínas de alto índice insulinêmico.A sugestão de consumo é de 3g ao dia.Não há consenso sobre o melhor horário para consumo, com evidências apontando para benefícios tanto na refeição pré-treino quanto na pós-treino.Modo de Preparo: Diluir 3g (1 colher dosadora) em 200ml de água ou bebida de preferência.Consumir uma porção ao dia ou conforme orientação de nutricionista ou médico.Registro ISENTO conforme resolução RDC 27 de 06 de agosto de 2010 anexo I.Registro ISENTO conforme resolução RDC 240/2018.Aviso legal• Idade mínima recomendada: 18 anos.• Consumir junto com alimentos para facilitar sua assimilação.• Este produto é um suplemento dietético, não um medicamento. Suplementa dietas insuficientes. Consulte o seu médico e/ou farmacêutico."
Cooktop Itatiaia Essencial 4 Bocas Preto 127V/220V,"R$ 377,90",4555,"Cooktop Itatiaia 4 Bocas Essencial Preto - BivoltTendência para a decoração de cozinhas, combina com diversos espaços. Sinônimo de beleza, resistência e facilidade de limpeza.Perfeito para suas receitas:Funcionalidades que facilitam a vida e tornam a cozinha mais moderna, prática e eficiente.Queimadores em Alumínio:Maior potência e rapidez no cozimento de alimentos.Mesa de Vidro Temperado:Facilidade de limpeza e durabilidade.Facilidade na Limpeza:Manípulos removíveis com sinalização de posição.Design Inteligente:Sinalização do queimador mais potente.Imagem meramente ilustrativa.Aviso legal• Sua eficiência energética é A."
Samsung Smart Tv 43 Uhd 4k 43du7700 2024,"R$ 1.999,74",903,"Samsung Smart TV 43"" UHD 4K 43DU7700 2024, Processador Crystal 4K, Gaming Hub, Visual livre de cabos, Som em Movimento Virtual, AI Energy Mode, Controle SolarCell, Alexa built inIntensidade de cores vivas do cristalSua 1ª TV 4K com videogame e canais gratuitosTransforme seu conteúdo em 4KO processador exclusivo da Samsung faz a otimização de seu conteúdo para 4K ou o mais próximo possível dessa resolução, conforme a cena.*Essa otimização é chamada de 'upscaling'.Mais cor e profundidade em todos os conteúdosDesfrute de uma imagem mais natural e detalhada com uma tecnologia que analisa as regiões da tela e ajusta automaticamente o contraste.O seu videogame dentro da sua TVAcesse mais de 3.000 jogos nas plataformas Xbox Game Pass e Nvidia GeForce Now, sem necessidade de downloads ou de consoles, além de recomendar conteúdos, transmissão de lives via Twitch e agrupar tudo sobre jogos em uma só interface.Gerencie suas atividades diárias pela TVAcesso fácil ao ecossistema de aplicativos para gerenciamento rápido da sua Casa Inteligente através do SmartThings ou atividades diárias com o Workout Tracker e Microsoft 365.Casa inteligente e conectadaControle e monitore toda a sua casa inteligente. Acesse o aplicativo SmartThings e transforme sua TV em uma central de automação controlando demais aparelhos inteligentes em um Mapa 3D, desde lâmpadas até eletrodomésticos, criando programações de acordo com a sua rotina ou mesmo para saber qual o consumo de energia individual de cada dispositivo conectado.Inteligência Artificial que economiza energiaCom a função AI Energy Mode ficou muito mais fácil economizar energia. O sensor da TV detecta automaticamente o nível de iluminação do ambiente e ajusta o brilho do aparelho, além de analisar cena a cena e também gerenciar sutilmente o nível de brilho da tela, o que diminui o gasto de energia da TV."
Caixa De Som Boombox 3 Bluetooth Preta Jbl Bivolt 100V/240V,"R$ 2.181,40",9177,"Acabamos de tornar a nossa mais poderosa caixa de som Bluetooth portátil ainda melhor! DIVERSÃO E MÚSICA ONDE VOCÊ QUISERA Boombox 3 possui uma silhueta icônica, tampas laterais duplas e tecido exclusivo à prova d'água e poeira, ou seja, leve na piscina, no parque ou na praia e curta um som com a galera, faça chuva ou faça sol.ATÉ 24 HORAS DE REPRODUÇÃOPara cada música há um momento para ser celebrado. Curta por até 24 horas de reprodução sem interrupções com a Boombox 3.TRANSMISSÃO VIA BLUETOOTHÉ possível tornar seu momento duas vezes melhor, conecte até 2 smartphones ou tablets ao alto-falante sem o uso de fios compartilhando seus sons favoritos.INTEGRAÇÃO COM O APPUse a opção de baixar o aplicativo JBL Portable para aproveitar ao máximo seu Boombox 3.AUMENTE A DIVERSÃO COM PARTYBOOST Com o PARTYBOOST, você pode emparelhar duas caixas de som JBL compatíveis com essa tecnologia e ter um som estéreo, ou vincular várias caixas de som e criar infinitas possibilidades de áudio. QUAL O CONTEÚDO DA CAIXA? 1 Caixa de som JBL Boombox 31 Cabo de energia AC (o plugue AC e a quantidade variam conforme a região)1 Guia de início rápidoA JBL destaca-se com áudio de alta qualidade, tecnologia avançada e design moderno, proporcionando momentos únicos na vida das pessoas.Aviso legal• A duração da bateria depende do uso que se dê ao produto."
Modulo Taramps Ts400x4 400w 2 Ohms Rca Ts 400x4 4 Canais 100w Amplificador 400rms T400 4 Canais Potencia Taramps Som Para Carro Moto Caminhonete Automotivo,"R$ 186,06",22993,"O módulo amplificador digital TS 400x4 2 ohms da Taramps foi desenvolvido com a mais alta performance para os mais variados tipos de sistemas de som automotivo. É um multicanal estéreo, sendo 4 canais de 100 watts rms a 2 ohms, e permite ligação em bridge, sendo 2 canais de 200 watts rms a 4 ohms, com potência máxima de 400 watts rms. O TS 400X4 é full range, podendo ser utilizado com os mais variados modelos de alto-falantes, subwoofer, corneta, tweeter, médio, woofer, médio grave e super tweeters. Possui crossover integrado (hpf, lpf, full) que configura o modo de operação do amplificador. Ajuste de ganho que permite o ajuste aos níveis de sinal de saída de praticamente todos os modelos de cd/dvd players do mercado. Led indicativo, que mostra que o amplificador está ligado. Devido à sua diversidade, pode ser instalado para amplificar alto-falantes de portas e tampão de carros, caminhonetes, picapes, SUVs, caixas de moto propaganda, kit 2 vias, kit 4 vias, coaxial, triaxial, quadriaxial, 4 polegadas, 5 polegadas, 6 polegadas, 6x9 polegadas, 5x7 polegadas, caixa trio, caixas bob, caixas residenciais, entre outros.Tudo isso e muito mais para melhorar seu sistema de som, com a qualidade que você merece. Especificações técnicas: • Classe de operação: classe d.É a indicação de construção de um amplificador, a classe d (também chamados de digitais) devido ao pwm (modulação por largura de pulso) usado em seu funcionamento, permite um amplificador pequeno, eficiente e com aquecimento reduzido se comparado a outras classes de construção.• Número de canais: 4. Quantidade de canais para uso em seu projeto. Com este modelo em específico, você tem a opção de ligação com 4, 3 e 2 canais.• Potência @13,8V – 2 ohms, estéreo: 4 x 100w rms.A potência, com tensão de 13,8 volts, está relacionada ao funcionamento do veículo/fonte de alimentação.• Potência @13,8v – 4 ohms, bridge: 2 x 200w rms. A potência, com tensão de 13,8 volts, está relacionada ao funcionamento do veículo/fonte de alimentação.• Impedância mínima de saída estéreo: 2 ohms.Associação com o resultado de alto-falantes, onde, por exemplo, poderemos ligar por canal dois alto-falantes de 4 ohms para esse resultado.• Impedância mínima de saída bridge: 4 ohms. Associação com o resultado de alto-falantes, onde, por exemplo, poderemos ligar por canal (bridge) dois alto-falantes de 8 ohms ou apenas um alto-falante de 4 ohms para esse resultado.• Sensibilidade mínima de entrada rca: 200mv. Menor tensão necessária para o máximo de resultado com o amplificador, ou seja, com pouco volume do rádio, já conseguiremos bons resultados.• Resposta de frequência: (full range): 18hz a 30khz (-3db). Com a resposta de frequência, é possível identificar a aplicação do amplificador, assim como o alto-falante ou qualquer outro tipo de transdutor que esteja usando é compreendido dentro dessa resposta, quer dizer, que podemos usar esse produto em seu projeto.• Crossover low pass. (LPF) fixo: 90hz. Lpf ou low pass filter (termo em inglês) quer dizer filtro passa baixo, ou seja, permite que tudo que estiver abaixo dessa referência seja reproduzido e o que estiver acima dessa indicação não será usado. Um uso comum desta função é reduzir a presença de voz em subwoofers.• Crossover high pass (hpf) fixo: 90hz.Hpf ou high pass filter (termo em inglês), quer dizer filtro passa alta, ou seja, permite que tudo que estiver acima dessa referência seja reproduzido. O uso comum dessa função é reduzir a presença do grave em alto-falantes de porta, por exemplo.• Tensão de alimentação: 8 a 16v.É a indicação de funcionamento do amplificador onde ele terá a mínima e a máxima tensão para seu funcionamento, fora dessa especificação ele não liga ou ativa uma proteção. • Consumo em repouso: 0,8a.Essa é a referência do consumo do amplificador ligado e sem música.• Consumo máximo musical: @13,8vdc: 16,5a. Essa é a estimativa de consumo do amplificador trabalhando na impedância mínima, tocando música com volume máximo.• Consumo máximo em sinal senoidal: @13,8vdc: 33a.Referência para testes de bancada/laboratório em condições específicas com carga resistiva, frequência fixa e fonte de alimentação estável.• Sistema de proteção: térmica e curto na saída.Esse sistema existe para proteger o funcionamento do amplificador, ele pode estar relacionado à saída, quando temos ligações abaixo da impedância mínima, um curto-circuito na instalação ou até mesmo alto-falantes com problemas. Essa proteção também poderá acontecer por tensões fora da faixa de funcionamento, ou ainda uma proteção térmica que ocorre por condições em que o amplificador tem aquecimento acima do normal. • Dimensões: largura 13,8cm X altura 4,9cm X profundidade 12,1 cm. Dimensões extremas do produto.• Peso: 600 gramas.  Peso bruto do amplificador.  Conteúdo da embalagem:• 1 Módulo amplificador TS 400x4 2 ohms.• Qr code para download do manual.• 1 Adesivo Taramps. Importante: • Recomendamos que a instalação seja feita por um profissional especializado e não se responsabilizamos pelo mau uso do produto."
Escova Secadora Bec07r Soft 4 Em 1 1300w Britânia Bivolt,"R$ 105,99",28704,"Escova Secadora BEC07R Soft 4 em 1 da Britânia com 1300W de potência, ideal para cabelos secos, úmidos ou molhados. Possui função de secar, modelar, alisar e dar volume aos fios. Conta com placas térmicas com revestimento em cerâmica que distribuem o calor de maneira uniforme. A tecnologia de íons Tourmaline emite íons negativos que reduzem o frizz, fecham as cutículas, mantêm a umidade natural dos cabelos e proporcionam mais maciez e brilho.DIMENSÕES E PESO:Altura: 8,4 cmLargura: 40,5 cmComprimento: 10,7 cmPeso: 550 kg"
Smart Tv 32'' Ptv32g7pr2csblh Roku Led Philco Bivolt,"R$ 949,01",2245,"BELEZA E MODERNIDADE!Com a Smart Tv 32'' Ptv32g7pr2csblh Roku Led Philco você assiste suas séries e filmes preferidos com alta qualidade de som e imagem, conectando-a à internet para acesso a canais como Netflix, Globoplay, Telecine e mais.Equipada com processador quad-core para maior velocidade na reprodução de conteúdos, conta também com qualidade sonora assegurada pelo Sistema de som Dolby Digital. Possui função Midia Cast, permitindo espelhar a tela de dispositivos móveis na televisão, e oferece a opção de busca inteligente multicanal.DIMENSÕES E PESO:Altura: 46,5 cmLargura: 72,0 cmProfundidade: 18,0 cmPeso: 4,10 Kg."
Smart Tv Led 32 S5400af Tcl Fhd Android Tv,"R$ 999,90",6218,"SEUS FILMES AINDA MAIS NÍTIDOS!A Smart Tv Led 32'' S5400af Fhd Android Tv de Tcl é um modelo de televisão de 32 polegadas que oferece uma experiência completa e inteligente. Com resolução Full HD, a TV proporciona imagens nítidas e diferenciadas para uma visualização envolvente, enquanto a tecnologia High Dynamic Range (HDR) oferece um padrão superior de contraste e brilho, exibindo muito mais detalhes da imagem, com cores mais vivas e a tecnologia Dolby Audio utiliza uma formatação de áudio avançada, para fornecer um som claro e potente em seu equipamento!Equipada com o sistema operacional Android TV, esta Smart TV permite acessar uma variedade de aplicativos, jogos e conteúdo online diretamente na tela da TV, seu design moderno e elegante complementa qualquer espaço, enquanto a tecnologia LED garante cores vibrantes e contraste equilibrado.Além disso, você pode desfrutar de entretenimento diversificado e conveniente, tudo isso em uma tela de alta qualidade, controlar os equipamentos da casa conectada (IoT), utilizando o Google Assistant totalmente em português, através do controle remoto da sua TV, ela também te dá sugestões de séries, filmes, informações de trânsito e tempo, demais, né?Conta ainda com conexão sem fios que possibilita dispositivos se conectarem de maneira rápida, descomplicada e sem uso de cabos, bastando que um fique próximo do outro, transmite (espelha) o conteúdo de notebooks e celulares diretamente na TV, facilitando sua conexão com aplicativo de interesse, tem Wi-fi dual band obtendo mais informações na sua conexão e vem com Youtube, Netiflix, GloboPlay, GloboPlay, Disney, Prime Video e Apple TV já instalados!------------------------------------------------------------------DIMENSÕES E PESO:*Sem pedestal:Altura: 42,1 cmLargura: 71,6 cmProfundidade: 8 cmPeso: 3,44 kg*Com Pedestal:Altura: 46,8 cmLargura: 71,6 cmProfundidade: 18,2 cmPeso: 4,9 kg"
Lavadora De Alta Pressão Kärcher Compacta 1500psi 1400w Cor Amarelo 110V,"R$ 379,90",6630,"Lavadora de Alta Pressão Kärcher Compacta 1500PSI 1400WA Lavadora de Alta Pressão Kärcher Compacta é ideal para as tarefas do dia-a-dia, proporcionando uma limpeza profunda, rápida e sem esforço com ótimo custo-benefício. É um equipamento compacto, ideal para quem busca um equipamento fácil de transportar e armazenar.Com 1500PSI de pressão, a Lavadora de Alta Pressão Kärcher Compacta ajuda na remoção das sujeiras mais difíceis do seu carro, casa, quintal, garagem, e muito mais. Acompanha uma Lança de Jato Reto regulável que se adequa ao tipo de limpeza necessária, e um canhão de espumas que torna a remoção da sujeira ainda mais simples. Tudo isso com economia de tempo e água, ao comparar com o uso de uma mangueira de jardim convencional.Diferenciais:- Aplicador de detergente: Facilita a remoção da sujeira na hora da limpeza.- Bomba com conector em alumínio e cabeçote em N-Cor: Alta resistência e durabilidade.- Porta acessórios integrado: Maior praticidade durante o uso e facilidade no transporte e armazenamento.- Economia de água: Em comparação com uma mangueira de jardim, a lavadora garante a economia de água em até 80%.- Lavadora ergonômica: Design prático e compacto que garante conforto e facilidade na hora do uso.Dados Técnicos:Pressão máx.(PSI): 1500Vazão máx.(L/h): 300Potência (W): 1400Cabo Elétrico: 5 metrosTipo de Motor: UniversalTipo de Bomba: AlumínioMaterial do Cabeçote: N-corMaterial dos pistões: InoxDimensões do produto montado (CxLxA): 400 x 210 x 200 mmPeso da máquina(kg): 4Acessórios inclusos:- 1 lavadora de alta pressão Kärcher Compacta- 1 lança de jato reto regulável ideal para limpezas do cotidiano- 1 pistola de alta pressão- 1 mangueira de alta pressão de 3 metros- 1 canhão de espumas (300ml) para remover a sujeira com mais facilidade- 1 engate rápido- 1 manual de instruçõesRecomendamos o uso com os os produtos de limpeza: - Kärcher Deterjet - Kärcher Shampoo automotivo- Kärcher Detergente Alcalino Clorado- Kärcher Pinho Fresh- Kärcher Multiuso- Kärcher Desengraxante*A Kärcher Compacta é compatível apenas com os acessórios que a acompanham. Não vendemos os acessórios separadamente.Aviso legal• Certificado pela INMETRO."
Fritadeira sem óleo air fryer 4L Mondial preto 1500W AFN-40-BFT,"R$ 293,90",4397,"Prepare receitas do café da manhã ao jantar com a Air Fryer Mondial. E o melhor: de forma prática, rápida e saudável! A Tecnologia de Circulação de Ar Quente cozinha, frita (a ar), assa ou tosta os alimentos sem precisar adicionar óleo ou manteiga. Aliada à alta potência, a tecnologia da Fritadeira a Ar também possibilita rapidez nos preparos. O cesto quadro com capacidade de 4 litros acomoda melhor os alimentos, permitindo assar por igual. Saiba mais sobre a AFN-40-BFT:PRATICIDADE + RAPIDEZ NA COZINHAA Tecnologia de Circulação de Ar Quente e a alta potência possibilitam rapidez no preparo das receitas e praticidade em sua rotina na cozinha. CAPACIDADE DE 4 LITROS + CESTO QUADRADO O formato do cesto acomoda melhor os alimentos, permitindo assar por igual. Além disso, proporciona um maior aproveitamento do espaço do cesto.DESIGN COMPACTOA Air Fryer Mondial tem um design compacto e ocupa espaço reduzido na bancada da cozinha.ANTIADERENTE: NÃO GRUDAO cesto possui o antiaderente Duraflon, tecnologia exclusiva Mondial, e os alimentos não grudam no fundo. ALIMENTAÇÃO + SAUDÁVELNão é preciso utilizar óleo ou manteiga no preparo das receitas.FÁCIL DE LIMPARA limpeza da parte interna é fácil, pois a cuba e o cesto são removíveis e antiaderentes.MUITO ALÉM DE BATATA FRITAVocê conhece as possibilidades de receitas que podem ser feitas na Air Fryer? É possível preparar pão de queijo vegano, peixe, frango à parmegiana, bolinho de arroz, além de pratos doces, como bolo de chocolate, pudim, tortinha de banana, entre outros. É só colocar a criatividade em prática e mãos à obra!CONTROLE DE TEMPERATURA ATÉ 200°CPermite a escolha da temperatura ideal para diferentes tipos de alimentos.TIMER DE 60 MINUTOSFacilidade e comodidade de selecionar o tempo necessário de preparo das receitas. AVISO SONORO + DESLIGAMENTO AUTOMÁTICOApós o tempo pré-definido no Timer, há um aviso sonoro e a Fritadeira desliga automaticamente."
Micro-ondas MI41S 31L Espelhado Com Painel Integrado e Função Tira Odor Cor Prata Electrolux 220V,"R$ 829,90",7595,"Escolher um micro-ondas é sempre um desafio. São muitas opções no mercado com vários benefícios. Mas nenhum é mais completo que o micro-ondas Electrolux MI41S, com funções que deixam sua vida muito mais prática. Ele ainda tem um design inovador e moderno, deixando sua cozinha mais charmosa.Por ser espelhado, o micro-ondas dá um toque de classe à cozinha. Já a porta, que quando fechada deixa aparentes apenas os botões mais usados, deixa o ambiente menos poluído. Além disso, seu display é econômico; é só acionar a função desliga display que ele apaga.Quando você quiser saber como preparar receitas de micro-ondas, basta usar a função QR code. Use seu celular para ler o código gravado no micro-ondas de 31 litros e depois é só conferir os vídeos de passo a passo da receita. Quando a receita ficar pronta, a função manter aquecido deixa o prato bem quentinho como se tivesse acabado de sair do forno.O micro-ondas ainda conta com menus adicionais. No menu kids, você prepara as receitas favoritas das crianças, como pipoca, brigadeiro e bolo de caneca. E no menu dia a dia, aquelas receitas mais utilizadas como arroz, macarrão e lasanha. O micro-ondas Electrolux conta com a função Tira Odor que minimiza os odores dentro do micro-ondas de 31 litros e deixa ele sempre higienizado.Aviso legal• Sua eficiência energética é de A."
"Notebook Samsung Galaxy Book4, Windows 11 Home, Intel® Core I5, 16gb, 512gb Ssd, 15.6'' Full Hd Led, 1.55 Kg - Grafite","R$ 3.162,65",80,"Notebook Samsung Galaxy Book4, Windows 11 Home, Intel® Core™ i5, 16GB, 512GB SSD, 15.6'' Full HD LED, 1.55 kgAviso legal• A duração da bateria depende do uso que se dê ao produto."
Liquidificador Turbo Power Mondial Preto 550W L-99 FB,"R$ 89,12",102907,"Design moderno e muita praticidade em sua rotina na cozinha. O liquidificador Mondial Turbo Power L-99-FB tem 2,2 litros de capacidade total, 550W de potência e vem acompanhado de filtro em inox, para coar sucos e molhos. Você pode preparar torta de frango, bolo de milho, pão de queijo, massa de panqueca, queijadinha e muitas outras receitas com agilidade. Saiba mais sobre o L-99-FB:POTÊNCIA: 500WPermite que você misture ou triture suas receitas com maior agilidade.CAPACIDADE* TOTAL: 2,2 LITROS Prepare sucos, vitaminas, smoothies, molhos e diversos outros pratos na porção ideal que você precisa!  *Capacidade Útil de 1,6 Litros.LÂMINAS EM INOXTrituram com mais precisão e rapidez. Além disso, não enferrujam e são mais duráveis.JARRA RESISTENTE: O copo do liquidificador Mondial é feito de San Cristal, material resistente a quedas e riscos, supertransparente e que não pega cheiro ou cor.COM FILTRO O filtro em Inox permite que sucos e molhos fiquem prontos sem semente ou bagaço. E sem precisar coar!SISTEMA DE ENCAIXE RÁPIDO Encaixe seguro e fácil do copo.3 VELOCIDADES + PULSAR Escolha a velocidade ideal para alcançar a textura perfeita!  Dica: a função Pulsar tritura ingredientes mais duros.FUNÇÃO AUTOLIMPEZAHigienização rápida e prática do seu liquidificador.TAMPA COM COPO DOSADORFacilita a adição de ingredientes durante o preparo.JARRA: BPA FREE + SEM CHEIROO material não contém Bisfenol-A, que é nocivo à saúde, e não deixa cheiro.Aviso legal• Livre de BPA."
Smart TV 43” LED FULL HD 2 HDMI WI-FI Google Assistente Chromecast Bluetooth 43S5400A TCL 110V/220V,"R$ 1.479,90",2471,"Invista em inovação e qualidade!Imersão completa com resolução Full HD, desfrute de imagens mais nítidas, cores vibrantes e mais detalhes, com alta faixa dinâmica HDR que te oferece brilho impressionante com detalhes de sombras excepcionais! Com o Google TV, Inteligência artificial + Android TV, veja mais de 700.000 filmes e shows, ouça músicas, jogue games e muito mais. Além disso, a Smart TV 43” TCL FHD Android TV possui navegação interativa e intuitiva por meio do controle remoto, proporcionando facilidade de uso. Seu design metálico com borda fina entrega mais tela para ter menos limites!Com decodificador Dolby, tenha uma experiência de som puro, profundo e impactante muito mais envolventes. O TCL S5400 te permitirá conectar outros dispositivos por várias conexões, além de possuir Google Assistant totalmente em português para controlar em seu conforto, além de ter um espaço dedicado ao entretenimento infantil, dando até mesmo controle do tempo de visualização. Toda a tecnologia necessária para você e sua família!---------------------------------------------------------------DIMENSÕES E PESO COM PEDESTAL:Largura: 95,5 cmAltura: 60,7 cmProfundidade: 18,5 cmPeso: 7,9 kgDIMENSÕES E PESO SEM PEDESTAL:Largura: 95,5 cmAltura: 55,5 cmProfundidade: 9 cmPeso: 5,73 kgATENÇÃO:*Android TV é uma marca comercial da Google LLC. Para desfrutar de todos os recursos e serviços de sua Android TV, são necessárias uma conta gratuita do Google, uma conta TCL gratuita e uma conexão de internet banda larga.*Alguns aplicativos, conteúdos e/ou recursos podem não estar disponíveis em todos os países devido à disponibilidade.*Conexão com a Internet e assinaturas são necessárias."
